age,workclass,education,occupation,native-country,class
39, State-gov, Bachelors, Adm-clerical, United-States, <=50K
50, Self-emp-not-inc, Bachelors, Exec-managerial, United-States, <=50K
38, Private, HS-grad, Handlers-cleaners, United-States, <=50K
53, Private, 11th, Handlers-cleaners, United-States, <=50K
28, Private, Bachelors, Prof-specialty, Cuba, <=50K
37, Private, Masters, Exec-managerial, United-States, <=50K
49, Private, 9th, Other-service, Jamaica, <=50K
52, Self-emp-not-inc, HS-grad, Exec-managerial, United-States, >50K
31, Private, Masters, Prof-specialty, United-States, >50K
42, Private, Bachelors, Exec-managerial, United-States, >50K
37, Private, Some-college, Exec-managerial, United-States, >50K
30, State-gov, Bachelors, Prof-specialty, India, >50K
23, Private, Bachelors, Adm-clerical, United-States, <=50K
32, Private, Assoc-acdm, Sales, United-States, <=50K
40, Private, Assoc-voc, Craft-repair, ?, >50K
34, Private, 7th-8th, Transport-moving, Mexico, <=50K
25, Self-emp-not-inc, HS-grad, Farming-fishing, United-States, <=50K
32, Private, HS-grad, Machine-op-inspct, United-States, <=50K
38, Private, 11th, Sales, United-States, <=50K
43, Self-emp-not-inc, Masters, Exec-managerial, United-States, >50K
40, Private, Doctorate, Prof-specialty, United-States, >50K
54, Private, HS-grad, Other-service, United-States, <=50K
35, Federal-gov, 9th, Farming-fishing, United-States, <=50K
43, Private, 11th, Transport-moving, United-States, <=50K
59, Private, HS-grad, Tech-support, United-States, <=50K
56, Local-gov, Bachelors, Tech-support, United-States, >50K
19, Private, HS-grad, Craft-repair, United-States, <=50K
54, ?, Some-college, ?, South, >50K
39, Private, HS-grad, Exec-managerial, United-States, <=50K
49, Private, HS-grad, Craft-repair, United-States, <=50K
23, Local-gov, Assoc-acdm, Protective-serv, United-States, <=50K
20, Private, Some-college, Sales, United-States, <=50K
45, Private, Bachelors, Exec-managerial, United-States, <=50K
30, Federal-gov, Some-college, Adm-clerical, United-States, <=50K
22, State-gov, Some-college, Other-service, United-States, <=50K
48, Private, 11th, Machine-op-inspct, Puerto-Rico, <=50K
21, Private, Some-college, Machine-op-inspct, United-States, <=50K
19, Private, HS-grad, Adm-clerical, United-States, <=50K
31, Private, Some-college, Sales, ?, >50K
48, Self-emp-not-inc, Assoc-acdm, Prof-specialty, United-States, <=50K
31, Private, 9th, Machine-op-inspct, United-States, <=50K
53, Self-emp-not-inc, Bachelors, Prof-specialty, United-States, <=50K
24, Private, Bachelors, Tech-support, United-States, <=50K
49, Private, HS-grad, Adm-clerical, United-States, <=50K
25, Private, HS-grad, Handlers-cleaners, United-States, <=50K
57, Federal-gov, Bachelors, Prof-specialty, United-States, >50K
53, Private, HS-grad, Machine-op-inspct, United-States, <=50K
44, Private, Masters, Exec-managerial, United-States, <=50K
41, State-gov, Assoc-voc, Craft-repair, United-States, <=50K
29, Private, Assoc-voc, Prof-specialty, United-States, <=50K
25, Private, Some-college, Exec-managerial, United-States, <=50K
18, Private, HS-grad, Other-service, ?, <=50K
47, Private, Prof-school, Prof-specialty, Honduras, >50K
50, Federal-gov, Bachelors, Exec-managerial, United-States, >50K
47, Self-emp-inc, HS-grad, Exec-managerial, United-States, <=50K
43, Private, Some-college, Tech-support, United-States, >50K
46, Private, 5th-6th, Machine-op-inspct, Mexico, <=50K
35, Private, Assoc-voc, Other-service, Puerto-Rico, <=50K
41, Private, HS-grad, Adm-clerical, United-States, <=50K
30, Private, HS-grad, Machine-op-inspct, United-States, <=50K
30, Private, Bachelors, Sales, United-States, <=50K
32, ?, 7th-8th, ?, ?, <=50K
48, Private, HS-grad, Transport-moving, United-States, <=50K
42, Private, Doctorate, Prof-specialty, United-States, >50K
29, Private, Some-college, Tech-support, United-States, <=50K
36, Private, HS-grad, Craft-repair, United-States, <=50K
28, Private, Some-college, Adm-clerical, United-States, <=50K
53, Private, HS-grad, Adm-clerical, United-States, >50K
49, Self-emp-inc, Some-college, Exec-managerial, United-States, >50K
25, ?, Some-college, ?, United-States, <=50K
19, Private, Some-college, Prof-specialty, United-States, <=50K
31, Private, Bachelors, Sales, United-States, <=50K
29, Self-emp-not-inc, Bachelors, Sales, United-States, >50K
23, Private, Some-college, Machine-op-inspct, United-States, <=50K
79, Private, Some-college, Prof-specialty, United-States, <=50K
27, Private, HS-grad, Other-service, Mexico, <=50K
40, Private, Assoc-acdm, Adm-clerical, United-States, <=50K
67, ?, 10th, ?, United-States, <=50K
18, Private, 11th, Other-service, United-States, <=50K
31, Local-gov, 7th-8th, Farming-fishing, United-States, <=50K
18, Private, HS-grad, Sales, United-States, <=50K
52, Private, Bachelors, Other-service, Cuba, <=50K
46, Private, HS-grad, Other-service, United-States, <=50K
59, Private, HS-grad, Sales, United-States, <=50K
44, Private, HS-grad, Craft-repair, United-States, >50K
53, Private, HS-grad, Sales, United-States, <=50K
49, Local-gov, HS-grad, Protective-serv, United-States, >50K
33, Private, Masters, Prof-specialty, United-States, <=50K
30, Private, 9th, Sales, United-States, <=50K
43, Federal-gov, Doctorate, Prof-specialty, United-States, >50K
57, Private, Assoc-voc, Prof-specialty, United-States, <=50K
37, Private, Some-college, Craft-repair, United-States, <=50K
28, Private, Some-college, Machine-op-inspct, United-States, <=50K
30, Private, HS-grad, Sales, ?, <=50K
34, Local-gov, Bachelors, Protective-serv, United-States, >50K
29, Local-gov, Some-college, Handlers-cleaners, United-States, <=50K
48, Self-emp-not-inc, Doctorate, Prof-specialty, United-States, >50K
37, Private, Some-college, Sales, United-States, >50K
48, Private, Assoc-acdm, Exec-managerial, England, <=50K
32, Federal-gov, HS-grad, Other-service, United-States, <=50K
76, Private, Masters, Exec-managerial, United-States, >50K
44, Private, Bachelors, Exec-managerial, United-States, >50K
47, Self-emp-not-inc, Masters, Prof-specialty, United-States, <=50K
20, Private, Some-college, Tech-support, United-States, <=50K
29, Private, HS-grad, Craft-repair, United-States, <=50K
32, Self-emp-inc, HS-grad, Craft-repair, United-States, >50K
17, ?, 10th, ?, United-States, <=50K
30, Private, 11th, Handlers-cleaners, United-States, <=50K
31, Local-gov, HS-grad, Adm-clerical, United-States, <=50K
42, Private, HS-grad, Handlers-cleaners, United-States, <=50K
24, Private, Bachelors, Sales, United-States, <=50K
38, Private, Prof-school, Prof-specialty, United-States, >50K
56, Self-emp-not-inc, HS-grad, Other-service, Canada, >50K
28, Private, Some-college, Sales, United-States, <=50K
36, Private, HS-grad, Machine-op-inspct, United-States, <=50K
53, Private, 9th, Handlers-cleaners, United-States, <=50K
56, Self-emp-inc, Some-college, Sales, United-States, <=50K
49, Local-gov, Assoc-voc, Craft-repair, United-States, >50K
55, Private, Some-college, Sales, United-States, <=50K
22, Private, HS-grad, Craft-repair, United-States, <=50K
21, Private, Some-college, Other-service, United-States, <=50K
40, Private, Bachelors, Exec-managerial, United-States, <=50K
30, Private, Bachelors, Exec-managerial, Germany, <=50K
29, State-gov, Bachelors, Prof-specialty, United-States, >50K
19, Private, Some-college, Other-service, United-States, <=50K
47, Private, Bachelors, Exec-managerial, United-States, >50K
20, Private, Some-college, Adm-clerical, United-States, <=50K
31, Private, Assoc-acdm, Adm-clerical, United-States, >50K
35, ?, HS-grad, ?, United-States, <=50K
39, Private, Some-college, Craft-repair, United-States, <=50K
28, Private, Assoc-acdm, Sales, United-States, <=50K
24, Private, HS-grad, Other-service, United-States, <=50K
38, Self-emp-not-inc, HS-grad, Craft-repair, United-States, <=50K
37, Private, Bachelors, Sales, United-States, <=50K
46, Private, Assoc-acdm, Tech-support, United-States, <=50K
38, Federal-gov, Masters, Prof-specialty, Iran, >50K
43, Self-emp-not-inc, HS-grad, Craft-repair, United-States, <=50K
27, Private, Assoc-voc, Adm-clerical, United-States, <=50K
20, Private, Some-college, Sales, United-States, <=50K
49, Private, Some-college, Craft-repair, United-States, >50K
61, Self-emp-inc, HS-grad, Craft-repair, United-States, <=50K
27, Private, Some-college, Sales, United-States, <=50K
19, Private, Some-college, Other-service, Mexico, <=50K
45, Private, Assoc-voc, Prof-specialty, United-States, >50K
70, Private, Some-college, Tech-support, United-States, <=50K
31, Private, HS-grad, Transport-moving, United-States, <=50K
22, Private, Some-college, Other-service, United-States, <=50K
36, Private, HS-grad, Other-service, United-States, <=50K
64, Private, 11th, Craft-repair, United-States, <=50K
43, ?, Some-college, ?, United-States, <=50K
47, Local-gov, Some-college, Adm-clerical, Mexico, <=50K
34, Private, HS-grad, Adm-clerical, United-States, <=50K
33, Private, Bachelors, Exec-managerial, Philippines, <=50K
21, Private, HS-grad, Craft-repair, United-States, <=50K
52, ?, HS-grad, ?, United-States, >50K
48, Private, HS-grad, Craft-repair, United-States, <=50K
23, Private, Bachelors, Handlers-cleaners, United-States, <=50K
71, Self-emp-not-inc, Some-college, Sales, United-States, <=50K
29, Private, HS-grad, Craft-repair, United-States, <=50K
42, Private, Bachelors, Other-service, United-States, <=50K
68, ?, 1st-4th, ?, United-States, <=50K
25, Private, HS-grad, Other-service, United-States, <=50K
44, Self-emp-inc, Masters, Exec-managerial, United-States, <=50K
28, Private, HS-grad, Exec-managerial, England, <=50K
45, Self-emp-not-inc, Masters, Sales, United-States, >50K
36, Private, Some-college, Other-service, Mexico, <=50K
39, Federal-gov, Assoc-acdm, Exec-managerial, United-States, <=50K
46, State-gov, Masters, Protective-serv, United-States, <=50K
18, Private, 11th, Handlers-cleaners, United-States, <=50K
66, Local-gov, Assoc-voc, Prof-specialty, United-States, <=50K
27, Private, HS-grad, Other-service, United-States, <=50K
28, State-gov, HS-grad, Protective-serv, United-States, <=50K
51, Private, Some-college, Sales, United-States, >50K
27, Private, Bachelors, Craft-repair, United-States, <=50K
28, State-gov, Bachelors, Prof-specialty, United-States, >50K
27, Private, HS-grad, Sales, United-States, <=50K
21, Private, HS-grad, Craft-repair, United-States, <=50K
34, Private, HS-grad, Handlers-cleaners, United-States, <=50K
18, Private, HS-grad, Other-service, United-States, <=50K
33, Private, Bachelors, Prof-specialty, United-States, <=50K
44, Local-gov, Some-college, Exec-managerial, United-States, >50K
43, Private, Some-college, Adm-clerical, United-States, <=50K
30, Private, Some-college, Craft-repair, United-States, <=50K
40, Private, 7th-8th, Machine-op-inspct, Mexico, >50K
37, Federal-gov, Some-college, Adm-clerical, United-States, >50K
34, Private, HS-grad, Adm-clerical, United-States, <=50K
41, Self-emp-not-inc, Bachelors, Exec-managerial, United-States, <=50K
53, ?, Bachelors, ?, United-States, <=50K
31, Private, Masters, Prof-specialty, United-States, <=50K
58, State-gov, Doctorate, Prof-specialty, United-States, >50K
38, Private, Some-college, Machine-op-inspct, United-States, <=50K
24, Private, Some-college, Machine-op-inspct, United-States, <=50K
41, Local-gov, Bachelors, Craft-repair, United-States, <=50K
47, Private, Some-college, Tech-support, United-States, <=50K
41, Federal-gov, Bachelors, Tech-support, United-States, <=50K
23, Private, 5th-6th, Transport-moving, Mexico, <=50K
36, Private, Some-college, Craft-repair, United-States, <=50K
40, Federal-gov, Masters, Exec-managerial, United-States, >50K
35, Private, Masters, Prof-specialty, United-States, >50K
24, Self-emp-not-inc, HS-grad, Sales, United-States, <=50K
26, Private, Masters, Prof-specialty, United-States, <=50K
19, ?, HS-grad, ?, Italy, <=50K
51, Private, Bachelors, Exec-managerial, United-States, >50K
42, Local-gov, Some-college, Prof-specialty, United-States, <=50K
37, State-gov, HS-grad, Adm-clerical, United-States, <=50K
18, Private, 11th, Sales, United-States, <=50K
36, Private, Bachelors, Other-service, United-States, >50K
35, Private, HS-grad, Craft-repair, United-States, <=50K
58, Self-emp-inc, HS-grad, Sales, United-States, >50K
17, Private, 11th, Sales, United-States, <=50K
44, Local-gov, HS-grad, Transport-moving, United-States, <=50K
37, Private, HS-grad, Craft-repair, United-States, >50K
35, Private, Some-college, Sales, United-States, <=50K
60, Private, HS-grad, Craft-repair, United-States, <=50K
54, Self-emp-inc, 7th-8th, Machine-op-inspct, United-States, >50K
37, Private, Bachelors, Exec-managerial, United-States, >50K
50, Private, Assoc-acdm, Sales, United-States, <=50K
38, Private, Bachelors, Sales, Poland, <=50K
45, Private, Bachelors, Prof-specialty, United-States, <=50K
25, Private, 10th, Craft-repair, United-States, <=50K
31, Private, Some-college, Handlers-cleaners, United-States, <=50K
64, ?, 1st-4th, ?, United-States, <=50K
90, Private, HS-grad, Other-service, United-States, <=50K
54, Private, HS-grad, Adm-clerical, United-States, <=50K
53, Local-gov, Preschool, Machine-op-inspct, United-States, <=50K
18, Private, HS-grad, Sales, United-States, <=50K
60, ?, 10th, ?, United-States, <=50K
66, Self-emp-not-inc, HS-grad, Farming-fishing, United-States, <=50K
75, Private, Assoc-voc, Adm-clerical, Columbia, <=50K
65, Private, HS-grad, Adm-clerical, United-States, <=50K
35, Private, 11th, Transport-moving, United-States, <=50K
41, Private, HS-grad, Sales, United-States, <=50K
25, Private, Some-college, Adm-clerical, United-States, <=50K
33, Private, Some-college, Craft-repair, United-States, <=50K
28, Private, Prof-school, Prof-specialty, United-States, >50K
59, State-gov, HS-grad, Other-service, United-States, <=50K
40, State-gov, Some-college, Adm-clerical, United-States, <=50K
41, Private, Bachelors, Exec-managerial, Iran, >50K
38, Local-gov, Masters, Exec-managerial, United-States, >50K
23, Private, HS-grad, Transport-moving, United-States, <=50K
40, Private, Bachelors, Prof-specialty, United-States, >50K
41, Self-emp-not-inc, HS-grad, Other-service, United-States, <=50K
24, State-gov, Assoc-acdm, Protective-serv, United-States, <=50K
20, ?, Some-college, ?, United-States, <=50K
38, Private, Some-college, Craft-repair, United-States, <=50K
56, Private, HS-grad, Adm-clerical, ?, <=50K
58, Private, HS-grad, Adm-clerical, United-States, >50K
32, Private, HS-grad, Other-service, United-States, <=50K
40, Private, Assoc-acdm, Tech-support, United-States, >50K
45, Private, HS-grad, Adm-clerical, ?, <=50K
41, Private, Prof-school, Prof-specialty, United-States, >50K
42, Private, Bachelors, Adm-clerical, United-States, <=50K
59, Local-gov, 10th, Other-service, United-States, <=50K
19, Local-gov, Some-college, Adm-clerical, United-States, <=50K
58, Private, Some-college, Transport-moving, United-States, <=50K
42, Self-emp-not-inc, HS-grad, Farming-fishing, Cambodia, >50K
20, Private, HS-grad, Other-service, United-States, <=50K
32, Private, HS-grad, Other-service, United-States, <=50K
45, Private, Assoc-voc, Exec-managerial, United-States, <=50K
50, Private, 7th-8th, Craft-repair, United-States, <=50K
36, Private, Bachelors, Prof-specialty, United-States, <=50K
45, Private, HS-grad, Sales, United-States, <=50K
17, Private, 11th, Other-service, United-States, <=50K
59, Private, Some-college, Sales, United-States, <=50K
26, Private, 11th, Craft-repair, United-States, <=50K
37, Self-emp-inc, Some-college, Exec-managerial, Thailand, >50K
19, ?, Some-college, ?, Canada, <=50K
64, Private, HS-grad, Exec-managerial, United-States, >50K
33, Private, Bachelors, Prof-specialty, United-States, <=50K
33, Private, HS-grad, Craft-repair, United-States, >50K
61, Private, HS-grad, Exec-managerial, United-States, >50K
17, Private, 9th, Other-service, United-States, <=50K
50, Self-emp-not-inc, Masters, Farming-fishing, United-States, <=50K
27, Local-gov, Masters, Prof-specialty, United-States, <=50K
30, Private, HS-grad, Prof-specialty, United-States, <=50K
43, Private, HS-grad, Handlers-cleaners, United-States, <=50K
44, Private, Some-college, Craft-repair, United-States, >50K
35, Private, Some-college, Exec-managerial, United-States, <=50K
25, Private, Some-college, Tech-support, United-States, <=50K
24, Private, Some-college, Machine-op-inspct, United-States, >50K
22, Private, Bachelors, Prof-specialty, Germany, <=50K
42, Local-gov, Some-college, Craft-repair, United-States, >50K
34, Private, Assoc-acdm, Sales, United-States, <=50K
60, Private, Bachelors, Prof-specialty, United-States, <=50K
21, Private, HS-grad, Handlers-cleaners, United-States, <=50K
57, Federal-gov, Masters, Sales, United-States, >50K
41, Private, Prof-school, Prof-specialty, United-States, >50K
50, Private, Some-college, Other-service, United-States, <=50K
25, Private, Bachelors, Exec-managerial, United-States, <=50K
50, Private, 7th-8th, Craft-repair, Ecuador, <=50K
36, Private, Bachelors, Prof-specialty, United-States, <=50K
31, Private, HS-grad, Prof-specialty, United-States, <=50K
29, Local-gov, Bachelors, Protective-serv, United-States, <=50K
21, Private, Some-college, Sales, United-States, <=50K
27, Private, Bachelors, Tech-support, United-States, <=50K
65, Private, HS-grad, Transport-moving, United-States, <=50K
37, Self-emp-inc, Bachelors, Sales, United-States, <=50K
39, ?, Masters, ?, ?, <=50K
24, Private, HS-grad, Craft-repair, United-States, <=50K
38, Private, HS-grad, Sales, United-States, <=50K
48, Private, Bachelors, Adm-clerical, United-States, >50K
21, Private, Some-college, Other-service, United-States, <=50K
31, Private, HS-grad, Transport-moving, United-States, >50K
55, Private, HS-grad, Sales, United-States, >50K
24, Private, Some-college, Adm-clerical, Laos, <=50K
43, Private, HS-grad, Adm-clerical, United-States, <=50K
26, Private, Assoc-acdm, Tech-support, United-States, <=50K
46, Private, Assoc-acdm, Prof-specialty, United-States, <=50K
35, Private, Assoc-acdm, Adm-clerical, United-States, >50K
41, Self-emp-inc, Some-college, Farming-fishing, United-States, >50K
26, Private, Bachelors, Sales, United-States, <=50K
34, Private, Masters, Exec-managerial, Taiwan, >50K
19, ?, Some-college, ?, United-States, <=50K
36, Self-emp-not-inc, Bachelors, Prof-specialty, United-States, >50K
22, Private, Some-college, Sales, United-States, <=50K
24, Private, Some-college, Machine-op-inspct, United-States, <=50K
77, Self-emp-not-inc, Some-college, Sales, United-States, <=50K
22, Private, 5th-6th, Machine-op-inspct, Mexico, <=50K
29, Private, Some-college, Tech-support, United-States, <=50K
62, Private, HS-grad, Other-service, United-States, <=50K
39, Self-emp-not-inc, HS-grad, Exec-managerial, United-States, <=50K
43, Private, Some-college, Craft-repair, United-States, <=50K
35, Private, HS-grad, Transport-moving, United-States, <=50K
29, Private, 11th, Exec-managerial, United-States, <=50K
76, Self-emp-not-inc, Masters, Craft-repair, United-States, <=50K
63, Self-emp-not-inc, HS-grad, Farming-fishing, United-States, <=50K
23, ?, Assoc-voc, ?, United-States, <=50K
43, Private, Some-college, Prof-specialty, United-States, >50K
58, Self-emp-not-inc, HS-grad, Handlers-cleaners, United-States, <=50K
66, Private, HS-grad, Transport-moving, United-States, <=50K
41, Private, Some-college, Craft-repair, United-States, <=50K
26, Private, Bachelors, Adm-clerical, United-States, <=50K
47, Private, Assoc-voc, Other-service, United-States, <=50K
55, Local-gov, 10th, Adm-clerical, United-States, <=50K
53, Private, HS-grad, Transport-moving, United-States, <=50K
17, Private, 5th-6th, Other-service, Mexico, <=50K
30, Private, HS-grad, Craft-repair, United-States, <=50K
49, Private, Masters, Prof-specialty, United-States, <=50K
19, Private, HS-grad, Sales, Haiti, <=50K
45, Private, HS-grad, Other-service, United-States, <=50K
26, Private, Assoc-acdm, Sales, United-States, <=50K
38, Private, Assoc-voc, Craft-repair, United-States, >50K
36, State-gov, HS-grad, Protective-serv, United-States, >50K
33, Private, HS-grad, Farming-fishing, United-States, <=50K
22, State-gov, Some-college, Protective-serv, United-States, <=50K
43, Self-emp-not-inc, Bachelors, Sales, United-States, <=50K
67, ?, 11th, ?, United-States, <=50K
30, ?, Assoc-voc, ?, United-States, <=50K
56, Private, Assoc-acdm, Other-service, Iran, <=50K
31, Private, Bachelors, Prof-specialty, United-States, <=50K
33, Private, Bachelors, Exec-managerial, United-States, >50K
26, Private, HS-grad, Other-service, United-States, <=50K
33, Private, Bachelors, Exec-managerial, United-States, >50K
46, Local-gov, 11th, Transport-moving, United-States, <=50K
59, ?, Bachelors, ?, United-States, >50K
38, Federal-gov, HS-grad, Adm-clerical, United-States, >50K
65, Private, 11th, Other-service, United-States, <=50K
40, Private, Assoc-voc, Tech-support, United-States, >50K
42, Private, HS-grad, Adm-clerical, United-States, <=50K
26, Self-emp-not-inc, 9th, Craft-repair, Portugal, <=50K
36, Private, 10th, Other-service, United-States, <=50K
62, Private, Masters, Prof-specialty, United-States, >50K
43, Private, Bachelors, Transport-moving, United-States, <=50K
43, Private, Bachelors, Exec-managerial, United-States, >50K
22, Private, HS-grad, Sales, United-States, <=50K
28, Private, HS-grad, Craft-repair, United-States, <=50K
56, Self-emp-not-inc, Some-college, Sales, United-States, <=50K
22, Private, Assoc-acdm, Sales, United-States, <=50K
57, Private, Bachelors, Exec-managerial, United-States, >50K
39, Private, HS-grad, Sales, United-States, <=50K
26, Federal-gov, Some-college, Adm-clerical, United-States, <=50K
17, Private, 11th, Other-service, United-States, <=50K
40, State-gov, Assoc-voc, Machine-op-inspct, United-States, >50K
45, Private, HS-grad, Machine-op-inspct, United-States, <=50K
44, Private, HS-grad, Craft-repair, United-States, <=50K
20, Local-gov, Some-college, Adm-clerical, United-States, <=50K
33, Private, HS-grad, Craft-repair, United-States, <=50K
23, Private, Some-college, Sales, United-States, <=50K
46, Self-emp-not-inc, Masters, Exec-managerial, United-States, <=50K
38, Private, HS-grad, Sales, United-States, <=50K
54, Private, HS-grad, Transport-moving, United-States, <=50K
46, Private, 5th-6th, Craft-repair, United-States, <=50K
25, Private, Some-college, Craft-repair, United-States, <=50K
46, Private, Some-college, Sales, United-States, <=50K
36, Local-gov, Some-college, Transport-moving, United-States, <=50K
23, Private, HS-grad, Other-service, United-States, <=50K
29, Private, HS-grad, Machine-op-inspct, United-States, <=50K
44, Private, Some-college, Adm-clerical, United-States, >50K
19, Private, Some-college, Adm-clerical, United-States, <=50K
19, Private, HS-grad, Other-service, United-States, <=50K
35, Private, HS-grad, Other-service, United-States, >50K
27, Private, Bachelors, Craft-repair, United-States, <=50K
46, Self-emp-not-inc, Assoc-acdm, Craft-repair, United-States, <=50K
34, State-gov, Bachelors, Exec-managerial, ?, >50K
34, Private, HS-grad, Other-service, United-States, <=50K
44, Private, Some-college, Tech-support, United-States, <=50K
45, Private, Some-college, Handlers-cleaners, United-States, <=50K
20, ?, HS-grad, ?, United-States, <=50K
25, Private, Bachelors, Exec-managerial, United-States, >50K
52, Self-emp-inc, Bachelors, Exec-managerial, United-States, >50K
20, Private, Some-college, Handlers-cleaners, United-States, <=50K
28, Private, Some-college, Other-service, United-States, <=50K
50, State-gov, Bachelors, Protective-serv, United-States, >50K
34, Private, Assoc-voc, Tech-support, United-States, <=50K
28, Private, 7th-8th, Handlers-cleaners, Puerto-Rico, <=50K
41, Private, Masters, Exec-managerial, United-States, >50K
28, Private, HS-grad, Adm-clerical, United-States, <=50K
46, Self-emp-not-inc, HS-grad, Craft-repair, United-States, <=50K
28, ?, Some-college, ?, United-States, >50K
32, Private, Some-college, Exec-managerial, United-States, <=50K
41, Local-gov, Some-college, Other-service, United-States, <=50K
24, Private, HS-grad, Handlers-cleaners, United-States, <=50K
33, Private, Some-college, Exec-managerial, United-States, <=50K
46, Private, Doctorate, Exec-managerial, United-States, >50K
31, State-gov, Some-college, Machine-op-inspct, United-States, <=50K
35, Private, 12th, Craft-repair, United-States, >50K
52, Private, 1st-4th, Machine-op-inspct, Mexico, <=50K
30, Private, 11th, Other-service, United-States, <=50K
34, Local-gov, 11th, Machine-op-inspct, United-States, <=50K
34, State-gov, HS-grad, Transport-moving, United-States, <=50K
20, Private, Some-college, Sales, United-States, <=50K
17, Private, 11th, Handlers-cleaners, United-States, <=50K
32, State-gov, Bachelors, Exec-managerial, United-States, >50K
29, Private, HS-grad, Farming-fishing, United-States, <=50K
33, Private, 10th, Craft-repair, United-States, <=50K
25, Private, HS-grad, Transport-moving, United-States, <=50K
36, Federal-gov, Masters, Prof-specialty, United-States, <=50K
23, Private, HS-grad, Handlers-cleaners, Dominican-Republic, <=50K
63, Self-emp-inc, HS-grad, Exec-managerial, United-States, >50K
47, Local-gov, Masters, Prof-specialty, United-States, <=50K
80, ?, HS-grad, ?, United-States, <=50K
17, ?, 11th, ?, United-States, <=50K
40, Self-emp-not-inc, Bachelors, Prof-specialty, United-States, <=50K
30, Private, Assoc-acdm, Other-service, United-States, >50K
27, Private, Some-college, Craft-repair, Philippines, <=50K
33, Private, Masters, Prof-specialty, United-States, >50K
34, Local-gov, HS-grad, Farming-fishing, United-States, <=50K
34, Local-gov, Some-college, Protective-serv, United-States, <=50K
23, Private, Some-college, Adm-clerical, United-States, <=50K
42, Local-gov, Some-college, Adm-clerical, United-States, <=50K
29, Private, Bachelors, Prof-specialty, United-States, <=50K
45, Private, HS-grad, Adm-clerical, United-States, <=50K
24, Federal-gov, HS-grad, Armed-Forces, United-States, <=50K
44, Private, Some-college, Prof-specialty, United-States, >50K
27, Private, 9th, Craft-repair, Mexico, <=50K
20, Private, Some-college, Sales, United-States, <=50K
44, Private, HS-grad, Exec-managerial, United-States, <=50K
51, Private, HS-grad, Craft-repair, United-States, <=50K
20, Private, HS-grad, Machine-op-inspct, United-States, <=50K
17, ?, 11th, ?, United-States, <=50K
19, Private, HS-grad, Machine-op-inspct, United-States, <=50K
45, Self-emp-inc, Some-college, Craft-repair, United-States, >50K
60, Private, HS-grad, Craft-repair, United-States, >50K
42, Private, Assoc-acdm, Exec-managerial, ?, >50K
44, Self-emp-not-inc, HS-grad, Sales, United-States, >50K
40, Private, Assoc-voc, Machine-op-inspct, United-States, >50K
30, Private, HS-grad, Exec-managerial, United-States, <=50K
38, Private, Some-college, Transport-moving, United-States, <=50K
23, Private, HS-grad, Transport-moving, United-States, <=50K
32, ?, Some-college, ?, United-States, <=50K
44, Private, Assoc-acdm, Farming-fishing, United-States, <=50K
54, Local-gov, HS-grad, Transport-moving, United-States, <=50K
32, Private, Bachelors, Prof-specialty, United-States, <=50K
50, Private, 1st-4th, Craft-repair, United-States, <=50K
24, Private, Bachelors, Tech-support, United-States, <=50K
37, Private, HS-grad, Adm-clerical, United-States, <=50K
52, Private, HS-grad, Transport-moving, United-States, <=50K
38, Private, Some-college, Transport-moving, United-States, <=50K
49, Private, Masters, Exec-managerial, United-States, >50K
30, Private, Bachelors, Tech-support, United-States, >50K
60, Private, Some-college, Prof-specialty, United-States, >50K
22, ?, Some-college, ?, United-States, <=50K
35, Private, HS-grad, Craft-repair, United-States, <=50K
30, Private, HS-grad, Transport-moving, United-States, <=50K
67, Private, Assoc-voc, Other-service, United-States, <=50K
46, Private, Bachelors, Craft-repair, United-States, <=50K
17, Private, 9th, Other-service, United-States, <=50K
22, Private, Some-college, Handlers-cleaners, United-States, <=50K
27, Private, 10th, Other-service, United-States, <=50K
23, Private, HS-grad, Other-service, United-States, <=50K
33, Private, Assoc-acdm, Craft-repair, Portugal, <=50K
43, Self-emp-not-inc, Some-college, Craft-repair, United-States, <=50K
28, State-gov, Bachelors, Prof-specialty, United-States, <=50K
41, Private, HS-grad, Craft-repair, United-States, <=50K
52, ?, 12th, ?, United-States, <=50K
25, Private, Some-college, Adm-clerical, United-States, <=50K
63, ?, 1st-4th, ?, United-States, <=50K
59, Local-gov, HS-grad, Transport-moving, United-States, <=50K
45, Local-gov, Bachelors, Prof-specialty, United-States, <=50K
38, Private, Bachelors, Sales, United-States, >50K
40, Private, HS-grad, Other-service, United-States, <=50K
46, Federal-gov, HS-grad, Adm-clerical, United-States, <=50K
35, Private, Assoc-acdm, Exec-managerial, United-States, <=50K
34, Private, HS-grad, Prof-specialty, United-States, <=50K
33, Private, Bachelors, Craft-repair, United-States, <=50K
41, Private, HS-grad, Adm-clerical, United-States, <=50K
20, Private, Some-college, Machine-op-inspct, United-States, <=50K
23, Private, 5th-6th, Other-service, El-Salvador, <=50K
26, Private, Some-college, Prof-specialty, United-States, <=50K
72, ?, HS-grad, ?, United-States, <=50K
23, Local-gov, HS-grad, Farming-fishing, Poland, <=50K
62, Local-gov, HS-grad, Transport-moving, United-States, <=50K
52, Private, Some-college, Adm-clerical, United-States, <=50K
58, Private, Some-college, Other-service, France, <=50K
25, Private, Bachelors, Sales, United-States, <=50K
24, Private, Bachelors, Exec-managerial, United-States, <=50K
19, Private, Some-college, Protective-serv, United-States, <=50K
43, Private, Some-college, Exec-managerial, United-States, <=50K
47, Local-gov, HS-grad, Adm-clerical, United-States, <=50K
39, Private, HS-grad, Other-service, United-States, <=50K
49, Private, Assoc-voc, Handlers-cleaners, United-States, <=50K
53, ?, 5th-6th, ?, United-States, <=50K
32, Private, Assoc-voc, Craft-repair, United-States, <=50K
34, Private, Some-college, Prof-specialty, United-States, >50K
28, Private, HS-grad, Craft-repair, United-States, <=50K
57, ?, Assoc-voc, ?, United-States, <=50K
25, Private, Some-college, Adm-clerical, United-States, <=50K
20, ?, Some-college, ?, United-States, <=50K
21, ?, Some-college, ?, United-States, <=50K
34, Private, Bachelors, Prof-specialty, United-States, >50K
38, Self-emp-inc, Bachelors, Exec-managerial, United-States, >50K
50, Private, HS-grad, Exec-managerial, United-States, >50K
24, Local-gov, Some-college, Handlers-cleaners, United-States, <=50K
37, Local-gov, Some-college, Tech-support, United-States, >50K
44, Private, Some-college, Machine-op-inspct, United-States, >50K
28, Private, Some-college, Sales, United-States, <=50K
42, Private, Bachelors, Exec-managerial, United-States, >50K
74, Private, Some-college, Adm-clerical, United-States, <=50K
38, Self-emp-not-inc, HS-grad, Craft-repair, United-States, <=50K
44, Self-emp-not-inc, Masters, Prof-specialty, United-States, <=50K
44, Private, 11th, Machine-op-inspct, Puerto-Rico, <=50K
26, Private, HS-grad, Machine-op-inspct, United-States, <=50K
36, Private, HS-grad, Other-service, United-States, <=50K
41, Private, Assoc-acdm, Exec-managerial, United-States, >50K
67, Private, Prof-school, Prof-specialty, United-States, >50K
39, Local-gov, 12th, Tech-support, United-States, <=50K
57, Private, 1st-4th, Priv-house-serv, United-States, <=50K
29, Private, Assoc-voc, Craft-repair, United-States, <=50K
31, Self-emp-inc, Bachelors, Farming-fishing, United-States, <=50K
34, ?, HS-grad, ?, United-States, <=50K
44, Private, Some-college, Transport-moving, United-States, <=50K
29, Private, Doctorate, Prof-specialty, United-States, <=50K
30, Private, Some-college, Handlers-cleaners, United-States, <=50K
27, Private, HS-grad, Transport-moving, United-States, <=50K
27, Private, Some-college, Sales, United-States, <=50K
32, Private, HS-grad, Handlers-cleaners, United-States, <=50K
58, Private, 10th, Other-service, United-States, <=50K
35, Local-gov, Some-college, Protective-serv, United-States, <=50K
21, Private, HS-grad, Handlers-cleaners, United-States, <=50K
28, Private, Some-college, Craft-repair, United-States, <=50K
46, Self-emp-not-inc, Some-college, Exec-managerial, United-States, <=50K
36, Self-emp-not-inc, HS-grad, Other-service, United-States, <=50K
72, Private, 11th, Adm-clerical, United-States, <=50K
35, Private, HS-grad, Machine-op-inspct, United-States, <=50K
33, Federal-gov, Assoc-voc, Craft-repair, United-States, >50K
69, Private, 11th, Machine-op-inspct, United-States, <=50K
35, Private, HS-grad, Machine-op-inspct, United-States, <=50K
31, Private, HS-grad, Adm-clerical, ?, <=50K
34, Private, HS-grad, Tech-support, United-States, <=50K
30, Private, 11th, Other-service, Mexico, <=50K
28, Private, Bachelors, Transport-moving, United-States, <=50K
54, Private, Bachelors, Sales, United-States, >50K
47, Private, Some-college, Prof-specialty, United-States, >50K
24, Private, HS-grad, Handlers-cleaners, United-States, <=50K
52, Self-emp-not-inc, Bachelors, Prof-specialty, United-States, >50K
20, Private, HS-grad, Handlers-cleaners, United-States, <=50K
43, Self-emp-inc, Masters, Exec-managerial, United-States, <=50K
45, Private, 7th-8th, Other-service, Mexico, <=50K
29, Self-emp-not-inc, HS-grad, Craft-repair, United-States, <=50K
47, Private, Masters, Exec-managerial, United-States, <=50K
24, Private, HS-grad, Craft-repair, United-States, <=50K
51, Private, HS-grad, Prof-specialty, United-States, <=50K
17, Private, 11th, Sales, United-States, <=50K
37, Private, Assoc-voc, Craft-repair, United-States, >50K
27, Private, Doctorate, Prof-specialty, United-States, <=50K
29, Private, Bachelors, Exec-managerial, United-States, >50K
18, ?, 12th, ?, United-States, <=50K
36, Self-emp-not-inc, Assoc-acdm, Sales, United-States, <=50K
58, Local-gov, Bachelors, Prof-specialty, United-States, <=50K
26, Self-emp-not-inc, Some-college, Craft-repair, United-States, <=50K
65, ?, Some-college, ?, United-States, >50K
57, Private, HS-grad, Sales, United-States, >50K
59, Private, HS-grad, Craft-repair, United-States, <=50K
27, Private, HS-grad, Machine-op-inspct, United-States, <=50K
31, Self-emp-not-inc, Bachelors, Tech-support, United-States, <=50K
21, Private, Some-college, Sales, United-States, <=50K
29, Private, Some-college, Adm-clerical, United-States, <=50K
18, Private, 11th, Other-service, United-States, <=50K
52, Private, 10th, Craft-repair, United-States, >50K
57, Self-emp-inc, Bachelors, Prof-specialty, United-States, <=50K
42, ?, HS-grad, ?, United-States, <=50K
55, ?, HS-grad, ?, United-States, <=50K
60, Private, 7th-8th, Transport-moving, United-States, >50K
31, Private, Bachelors, Prof-specialty, Canada, >50K
23, Private, Bachelors, Adm-clerical, United-States, <=50K
27, Private, HS-grad, Sales, United-States, <=50K
23, ?, Some-college, ?, United-States, <=50K
42, Self-emp-not-inc, Prof-school, Prof-specialty, United-States, >50K
25, Private, Some-college, Tech-support, United-States, <=50K
49, Private, Bachelors, Prof-specialty, United-States, <=50K
32, Private, Bachelors, Tech-support, United-States, <=50K
19, Private, Some-college, Adm-clerical, United-States, <=50K
60, Private, 7th-8th, Other-service, United-States, <=50K
42, Local-gov, 9th, Other-service, United-States, <=50K
35, Self-emp-not-inc, Assoc-acdm, Farming-fishing, United-States, <=50K
48, Private, HS-grad, Adm-clerical, United-States, <=50K
51, Private, Masters, Craft-repair, United-States, >50K
29, Private, HS-grad, Craft-repair, United-States, <=50K
36, Local-gov, HS-grad, Exec-managerial, United-States, <=50K
17, Private, 10th, Other-service, United-States, <=50K
52, Private, Masters, Prof-specialty, United-States, <=50K
24, Private, HS-grad, Craft-repair, United-States, <=50K
24, Private, HS-grad, Handlers-cleaners, United-States, <=50K
26, Local-gov, Bachelors, Prof-specialty, United-States, <=50K
27, Private, Bachelors, Other-service, United-States, <=50K
39, Private, HS-grad, Handlers-cleaners, United-States, <=50K
30, Private, HS-grad, Transport-moving, United-States, <=50K
50, Self-emp-not-inc, HS-grad, Exec-managerial, United-States, <=50K
52, Self-emp-inc, Bachelors, Sales, United-States, <=50K
46, Private, Prof-school, Prof-specialty, United-States, >50K
23, Private, Bachelors, Sales, United-States, <=50K
45, Private, 11th, Other-service, United-States, <=50K
65, Private, 9th, Priv-house-serv, United-States, <=50K
29, Private, Assoc-voc, Transport-moving, United-States, <=50K
47, Private, 9th, Handlers-cleaners, El-Salvador, <=50K
30, Private, HS-grad, Farming-fishing, United-States, <=50K
34, Private, HS-grad, Sales, United-States, >50K
38, Self-emp-not-inc, HS-grad, Sales, United-States, <=50K
33, Private, Some-college, Exec-managerial, United-States, >50K
49, Private, Bachelors, Sales, United-States, >50K
47, Self-emp-not-inc, Some-college, Other-service, United-States, <=50K
49, Local-gov, 10th, Other-service, United-States, <=50K
43, Private, Some-college, Craft-repair, United-States, >50K
30, Private, Bachelors, Adm-clerical, United-States, >50K
58, Self-emp-not-inc, HS-grad, Craft-repair, United-States, <=50K
19, Private, HS-grad, Other-service, United-States, <=50K
21, Private, Bachelors, Handlers-cleaners, United-States, <=50K
33, Private, Bachelors, Exec-managerial, United-States, >50K
47, Self-emp-inc, 5th-6th, Transport-moving, Cuba, <=50K
52, Self-emp-not-inc, Doctorate, Prof-specialty, United-States, >50K
26, Private, HS-grad, Craft-repair, United-States, <=50K
60, Private, HS-grad, Craft-repair, United-States, <=50K
21, Private, Some-college, Handlers-cleaners, United-States, <=50K
36, Private, Some-college, Sales, United-States, >50K
31, Private, Some-college, Craft-repair, United-States, <=50K
50, Self-emp-inc, Doctorate, Prof-specialty, United-States, >50K
31, Local-gov, HS-grad, Adm-clerical, United-States, <=50K
71, Private, HS-grad, Craft-repair, United-States, <=50K
58, ?, HS-grad, ?, United-States, <=50K
30, State-gov, Bachelors, Tech-support, United-States, >50K
20, Private, Some-college, Other-service, United-States, <=50K
24, Private, HS-grad, Exec-managerial, United-States, <=50K
35, Private, Doctorate, Prof-specialty, Taiwan, >50K
38, State-gov, Some-college, Exec-managerial, United-States, <=50K
27, Private, HS-grad, Machine-op-inspct, United-States, <=50K
29, State-gov, Some-college, Adm-clerical, Philippines, <=50K
70, ?, 9th, ?, United-States, <=50K
34, Private, HS-grad, Craft-repair, United-States, <=50K
44, Private, 7th-8th, Craft-repair, United-States, <=50K
43, Private, HS-grad, Machine-op-inspct, United-States, >50K
44, Self-emp-not-inc, 12th, Handlers-cleaners, United-States, >50K
35, Private, Masters, Sales, United-States, <=50K
27, Private, Some-college, Prof-specialty, United-States, <=50K
43, Local-gov, Masters, Prof-specialty, United-States, <=50K
20, Private, Some-college, Sales, United-States, <=50K
42, Private, Assoc-acdm, Prof-specialty, United-States, >50K
27, State-gov, Some-college, Transport-moving, United-States, <=50K
42, Private, HS-grad, Craft-repair, United-States, >50K
20, ?, 11th, ?, South, <=50K
24, Private, 9th, Machine-op-inspct, United-States, <=50K
48, Federal-gov, Some-college, Exec-managerial, United-States, <=50K
17, ?, 11th, ?, United-States, <=50K
17, Self-emp-not-inc, 11th, Farming-fishing, United-States, <=50K
33, Private, Bachelors, Exec-managerial, United-States, >50K
50, Self-emp-inc, HS-grad, Sales, United-States, >50K
22, Private, HS-grad, Sales, United-States, <=50K
17, Private, 12th, Other-service, United-States, <=50K
32, Private, Some-college, Adm-clerical, Mexico, <=50K
31, Private, HS-grad, Craft-repair, United-States, <=50K
58, Self-emp-not-inc, HS-grad, Exec-managerial, United-States, <=50K
29, Local-gov, HS-grad, Protective-serv, United-States, <=50K
37, Private, Assoc-voc, Craft-repair, Portugal, >50K
34, Self-emp-not-inc, HS-grad, Craft-repair, United-States, >50K
23, Local-gov, Some-college, Exec-managerial, United-States, <=50K
18, State-gov, 11th, Adm-clerical, United-States, <=50K
34, Private, HS-grad, Exec-managerial, United-States, <=50K
66, ?, 7th-8th, ?, United-States, <=50K
45, Local-gov, Bachelors, Prof-specialty, United-States, <=50K
41, Private, Masters, Exec-managerial, Dominican-Republic, <=50K
26, Private, HS-grad, Other-service, United-States, <=50K
54, Local-gov, Some-college, Farming-fishing, United-States, <=50K
24, Private, Some-college, Machine-op-inspct, United-States, <=50K
42, Private, Some-college, Prof-specialty, United-States, <=50K
20, Private, Some-college, Prof-specialty, United-States, <=50K
23, State-gov, Bachelors, Tech-support, United-States, <=50K
25, ?, Assoc-acdm, ?, United-States, <=50K
35, Private, Masters, Prof-specialty, United-States, >50K
31, Private, Masters, Tech-support, United-States, >50K
30, Private, Bachelors, Prof-specialty, Poland, <=50K
19, Private, HS-grad, Sales, United-States, <=50K
36, Local-gov, Bachelors, Prof-specialty, United-States, <=50K
31, Private, Bachelors, Sales, Cuba, <=50K
21, Private, Some-college, Handlers-cleaners, United-States, <=50K
31, Self-emp-not-inc, Some-college, Craft-repair, United-States, <=50K
46, Private, Doctorate, Prof-specialty, United-States, >50K
44, Private, Bachelors, Exec-managerial, United-States, >50K
40, Private, 12th, Other-service, Jamaica, <=50K
45, Private, Some-college, Sales, United-States, <=50K
60, Private, HS-grad, Craft-repair, United-States, <=50K
18, Private, 11th, Other-service, United-States, <=50K
28, Private, Bachelors, Prof-specialty, United-States, <=50K
36, Private, Some-college, Adm-clerical, United-States, <=50K
36, Private, Bachelors, Prof-specialty, ?, <=50K
40, Private, Assoc-voc, Tech-support, United-States, <=50K
36, Local-gov, Bachelors, Adm-clerical, Honduras, <=50K
31, Private, HS-grad, Other-service, United-States, <=50K
33, Private, HS-grad, Machine-op-inspct, United-States, <=50K
19, State-gov, HS-grad, Tech-support, United-States, <=50K
22, Private, Some-college, Sales, United-States, <=50K
34, Private, Bachelors, Exec-managerial, United-States, >50K
33, Private, HS-grad, Other-service, United-States, <=50K
41, Private, HS-grad, Craft-repair, United-States, <=50K
29, Private, Bachelors, Prof-specialty, United-States, <=50K
50, Local-gov, HS-grad, Exec-managerial, United-States, >50K
42, Private, Bachelors, Exec-managerial, United-States, >50K
43, Private, Bachelors, Prof-specialty, ?, >50K
44, Private, HS-grad, Sales, United-States, <=50K
20, Private, Some-college, Other-service, United-States, <=50K
31, Private, HS-grad, Other-service, Mexico, <=50K
65, Self-emp-not-inc, 11th, Exec-managerial, ?, >50K
23, Private, Some-college, Other-service, United-States, <=50K
55, Private, Some-college, Adm-clerical, United-States, <=50K
26, Private, Assoc-voc, Adm-clerical, United-States, <=50K
25, Private, Assoc-voc, Other-service, United-States, <=50K
45, ?, Some-college, ?, United-States, <=50K
35, Private, Some-college, Craft-repair, United-States, <=50K
36, Private, Some-college, Sales, United-States, <=50K
43, State-gov, Bachelors, Prof-specialty, United-States, <=50K
56, Private, HS-grad, Other-service, United-States, <=50K
42, Private, Bachelors, Tech-support, United-States, >50K
19, Private, Some-college, Other-service, United-States, <=50K
55, Self-emp-not-inc, HS-grad, Transport-moving, United-States, <=50K
42, Private, Masters, Exec-managerial, United-States, >50K
26, Private, Assoc-voc, Tech-support, United-States, <=50K
17, Private, 12th, Handlers-cleaners, United-States, <=50K
42, Local-gov, Bachelors, Prof-specialty, United-States, >50K
55, Private, HS-grad, Transport-moving, United-States, >50K
32, Private, Some-college, Adm-clerical, United-States, <=50K
29, Private, 11th, Craft-repair, Haiti, <=50K
46, State-gov, Bachelors, Prof-specialty, United-States, <=50K
29, State-gov, Bachelors, Exec-managerial, United-States, >50K
22, Private, Bachelors, Prof-specialty, United-States, <=50K
58, Self-emp-not-inc, 10th, Craft-repair, United-States, <=50K
23, Private, HS-grad, Transport-moving, United-States, <=50K
39, Private, HS-grad, Handlers-cleaners, United-States, <=50K
27, Private, Assoc-voc, Craft-repair, United-States, <=50K
54, Private, HS-grad, Transport-moving, United-States, >50K
33, Local-gov, Bachelors, Prof-specialty, United-States, <=50K
46, Federal-gov, HS-grad, Adm-clerical, United-States, >50K
37, Private, HS-grad, Farming-fishing, United-States, <=50K
36, Private, HS-grad, Other-service, United-States, <=50K
59, Local-gov, HS-grad, Adm-clerical, United-States, >50K
34, Local-gov, HS-grad, Protective-serv, Portugal, <=50K
53, Self-emp-inc, Doctorate, Exec-managerial, United-States, >50K
51, Private, Bachelors, Sales, United-States, >50K
32, Private, 10th, Other-service, United-States, <=50K
31, State-gov, Some-college, Other-service, United-States, <=50K
22, Private, Some-college, Sales, Germany, <=50K
47, Self-emp-not-inc, Bachelors, Sales, United-States, <=50K
32, Private, HS-grad, Machine-op-inspct, United-States, <=50K
26, Private, Some-college, Farming-fishing, United-States, <=50K
37, Private, 5th-6th, Farming-fishing, Guatemala, <=50K
31, Private, HS-grad, Craft-repair, United-States, <=50K
37, Private, Assoc-voc, Tech-support, United-States, >50K
55, Private, HS-grad, Sales, United-States, <=50K
23, Local-gov, Assoc-voc, Tech-support, United-States, <=50K
36, Private, Some-college, Adm-clerical, United-States, <=50K
34, Private, Masters, Prof-specialty, ?, <=50K
43, Private, Bachelors, Sales, United-States, >50K
54, Private, Some-college, Tech-support, United-States, <=50K
43, State-gov, Some-college, Craft-repair, ?, <=50K
28, Private, Assoc-voc, Machine-op-inspct, United-States, <=50K
40, Private, Assoc-voc, Exec-managerial, United-States, >50K
41, Self-emp-not-inc, Some-college, Exec-managerial, United-States, <=50K
40, Private, Bachelors, Sales, United-States, >50K
42, Private, Some-college, Adm-clerical, United-States, <=50K
61, Self-emp-not-inc, HS-grad, Farming-fishing, United-States, <=50K
18, Private, 12th, Machine-op-inspct, United-States, <=50K
59, ?, HS-grad, ?, United-States, <=50K
21, ?, HS-grad, ?, United-States, <=50K
48, Private, Assoc-voc, Tech-support, United-States, >50K
41, Self-emp-inc, Bachelors, Tech-support, United-States, <=50K
18, ?, Some-college, ?, United-States, <=50K
23, Private, HS-grad, Sales, United-States, <=50K
60, Private, HS-grad, Transport-moving, United-States, >50K
22, Private, Some-college, Other-service, United-States, <=50K
61, Private, HS-grad, Machine-op-inspct, United-States, <=50K
25, Private, HS-grad, Machine-op-inspct, United-States, <=50K
46, Private, Masters, Tech-support, United-States, >50K
43, Private, Bachelors, Exec-managerial, England, >50K
43, Private, Assoc-acdm, Craft-repair, United-States, <=50K
24, Private, HS-grad, Other-service, United-States, <=50K
68, Self-emp-not-inc, 11th, Farming-fishing, United-States, <=50K
31, Private, HS-grad, Adm-clerical, United-States, <=50K
17, Private, 11th, Sales, United-States, <=50K
32, Private, HS-grad, Craft-repair, United-States, >50K
50, ?, Masters, ?, United-States, <=50K
33, Private, Bachelors, Prof-specialty, United-States, >50K
64, Private, Bachelors, Prof-specialty, United-States, >50K
20, Private, HS-grad, Transport-moving, United-States, <=50K
30, Private, HS-grad, Other-service, United-States, <=50K
22, ?, Some-college, ?, United-States, <=50K
43, Private, Some-college, Exec-managerial, United-States, <=50K
22, Private, Some-college, Adm-clerical, United-States, <=50K
17, Private, 10th, Farming-fishing, United-States, <=50K
47, Self-emp-not-inc, HS-grad, Other-service, Italy, <=50K
41, Private, Assoc-voc, Prof-specialty, United-States, <=50K
56, Private, Some-college, Craft-repair, United-States, >50K
64, Private, HS-grad, Transport-moving, United-States, <=50K
47, Private, HS-grad, Transport-moving, United-States, >50K
48, Private, Assoc-voc, Adm-clerical, United-States, <=50K
31, Private, Masters, Prof-specialty, United-States, <=50K
29, Private, Assoc-voc, Tech-support, United-States, <=50K
30, Private, HS-grad, Adm-clerical, United-States, <=50K
32, Private, HS-grad, Exec-managerial, United-States, <=50K
57, Private, HS-grad, Transport-moving, United-States, >50K
62, Private, HS-grad, Other-service, United-States, <=50K
39, Private, HS-grad, Machine-op-inspct, United-States, <=50K
43, Private, Some-college, Adm-clerical, United-States, <=50K
24, Self-emp-inc, Bachelors, Sales, United-States, <=50K
42, ?, 11th, ?, United-States, <=50K
53, Private, Some-college, Adm-clerical, United-States, >50K
26, Private, Some-college, Handlers-cleaners, United-States, <=50K
73, Self-emp-not-inc, HS-grad, Exec-managerial, United-States, <=50K
72, ?, 11th, ?, United-States, <=50K
55, Private, HS-grad, Machine-op-inspct, United-States, <=50K
25, Private, HS-grad, Adm-clerical, United-States, <=50K
41, Private, Bachelors, Prof-specialty, United-States, >50K
24, Private, Bachelors, Exec-managerial, United-States, <=50K
63, Private, HS-grad, Farming-fishing, United-States, <=50K
17, Private, 11th, Sales, United-States, <=50K
35, Private, Some-college, Craft-repair, United-States, <=50K
51, Private, Some-college, Prof-specialty, United-States, >50K
62, Local-gov, Bachelors, Prof-specialty, United-States, <=50K
55, Private, HS-grad, Craft-repair, United-States, >50K
43, Private, Some-college, Prof-specialty, United-States, <=50K
40, Local-gov, HS-grad, Other-service, United-States, <=50K
37, Private, Bachelors, Exec-managerial, United-States, >50K
39, Private, Bachelors, Craft-repair, United-States, <=50K
31, Private, HS-grad, Craft-repair, United-States, <=50K
61, Private, Masters, Prof-specialty, United-States, >50K
26, Private, Assoc-voc, Adm-clerical, United-States, <=50K
46, Self-emp-not-inc, HS-grad, Sales, United-States, <=50K
26, Private, Bachelors, Prof-specialty, United-States, <=50K
48, State-gov, Doctorate, Prof-specialty, United-States, >50K
34, Private, HS-grad, Transport-moving, United-States, <=50K
34, Local-gov, HS-grad, Adm-clerical, United-States, <=50K
59, Private, HS-grad, Other-service, United-States, >50K
34, Private, Bachelors, Prof-specialty, United-States, <=50K
49, Private, Bachelors, Exec-managerial, United-States, >50K
18, Private, 11th, Adm-clerical, United-States, <=50K
43, Private, HS-grad, Farming-fishing, Mexico, <=50K
48, Private, 11th, Exec-managerial, United-States, <=50K
28, Self-emp-inc, Some-college, Exec-managerial, United-States, <=50K
33, Private, HS-grad, Machine-op-inspct, United-States, <=50K
24, Private, Some-college, Sales, United-States, <=50K
21, Private, 10th, Handlers-cleaners, United-States, <=50K
17, Private, 11th, Sales, United-States, <=50K
39, Private, Some-college, Farming-fishing, United-States, >50K
29, Self-emp-not-inc, Bachelors, Prof-specialty, United-States, <=50K
44, Private, Bachelors, Exec-managerial, United-States, >50K
24, Private, Some-college, Transport-moving, United-States, <=50K
71, Self-emp-not-inc, Masters, Sales, United-States, >50K
51, Self-emp-not-inc, Bachelors, Sales, China, >50K
55, Private, 5th-6th, Other-service, United-States, <=50K
41, Private, Bachelors, Exec-managerial, United-States, >50K
23, Private, HS-grad, Handlers-cleaners, United-States, <=50K
38, Private, Assoc-voc, Adm-clerical, United-States, <=50K
39, Private, HS-grad, Transport-moving, United-States, >50K
19, Private, HS-grad, Adm-clerical, United-States, <=50K
49, Private, 9th, Machine-op-inspct, United-States, <=50K
32, Private, Bachelors, Adm-clerical, Philippines, >50K
27, Private, HS-grad, Craft-repair, United-States, <=50K
38, Private, Bachelors, Sales, United-States, >50K
33, Private, Some-college, Craft-repair, United-States, <=50K
63, ?, Some-college, ?, United-States, <=50K
23, Private, Bachelors, Exec-managerial, United-States, <=50K
33, Self-emp-inc, Some-college, Craft-repair, ?, <=50K
54, Self-emp-not-inc, HS-grad, Sales, United-States, <=50K
29, Private, Assoc-voc, Tech-support, United-States, <=50K
48, ?, Some-college, ?, United-States, <=50K
35, Self-emp-not-inc, Bachelors, Exec-managerial, United-States, <=50K
28, Private, Assoc-voc, Adm-clerical, India, <=50K
37, Private, Bachelors, Prof-specialty, United-States, >50K
42, Self-emp-not-inc, Prof-school, Farming-fishing, United-States, >50K
40, Private, Masters, Prof-specialty, United-States, <=50K
47, Private, Some-college, Sales, United-States, <=50K
22, Private, Bachelors, Exec-managerial, United-States, <=50K
30, Private, Bachelors, Exec-managerial, United-States, >50K
28, Private, HS-grad, Tech-support, United-States, <=50K
63, Local-gov, 7th-8th, Other-service, United-States, <=50K
51, Self-emp-not-inc, 9th, Craft-repair, United-States, <=50K
22, Private, HS-grad, Handlers-cleaners, United-States, <=50K
27, ?, Assoc-acdm, ?, United-States, <=50K
35, Private, HS-grad, Sales, United-States, <=50K
46, Private, HS-grad, Machine-op-inspct, United-States, <=50K
37, Private, Some-college, Machine-op-inspct, United-States, <=50K
24, Private, Bachelors, Prof-specialty, United-States, <=50K
37, Self-emp-not-inc, HS-grad, Handlers-cleaners, United-States, <=50K
53, Private, Some-college, Tech-support, United-States, <=50K
27, Private, HS-grad, Sales, United-States, <=50K
38, Private, Some-college, Craft-repair, United-States, <=50K
53, Self-emp-not-inc, 10th, Farming-fishing, United-States, <=50K
34, Private, Some-college, Craft-repair, United-States, <=50K
23, Private, HS-grad, Sales, United-States, <=50K
39, Private, Bachelors, Exec-managerial, United-States, >50K
43, Private, Masters, Prof-specialty, South, <=50K
67, Self-emp-inc, HS-grad, Exec-managerial, United-States, >50K
81, Self-emp-not-inc, HS-grad, Exec-managerial, United-States, <=50K
21, Private, Some-college, Other-service, United-States, <=50K
23, Private, Some-college, Sales, United-States, <=50K
25, Private, Some-college, Transport-moving, United-States, <=50K
42, Private, 5th-6th, Machine-op-inspct, Mexico, <=50K
38, Private, Some-college, Adm-clerical, United-States, <=50K
64, ?, HS-grad, ?, United-States, <=50K
32, Private, HS-grad, Machine-op-inspct, United-States, <=50K
37, Private, HS-grad, Machine-op-inspct, United-States, <=50K
51, Private, Masters, Exec-managerial, United-States, >50K
22, Private, Some-college, Sales, United-States, <=50K
33, Private, 1st-4th, Priv-house-serv, Guatemala, <=50K
42, Private, HS-grad, Machine-op-inspct, United-States, <=50K
19, ?, Some-college, ?, United-States, <=50K
51, Local-gov, Preschool, Other-service, United-States, <=50K
23, Private, HS-grad, Adm-clerical, Mexico, <=50K
37, Private, 11th, Machine-op-inspct, United-States, >50K
37, Private, HS-grad, Craft-repair, United-States, >50K
47, Private, Masters, Prof-specialty, United-States, <=50K
41, Private, Prof-school, Prof-specialty, United-States, >50K
33, Private, HS-grad, Craft-repair, United-States, <=50K
31, Private, Bachelors, Sales, United-States, >50K
31, Private, Assoc-acdm, Other-service, United-States, <=50K
35, Private, HS-grad, Machine-op-inspct, United-States, <=50K
38, Self-emp-inc, HS-grad, Exec-managerial, United-States, >50K
18, Private, HS-grad, Other-service, United-States, <=50K
20, Private, HS-grad, Machine-op-inspct, United-States, <=50K
54, Local-gov, Some-college, Exec-managerial, United-States, <=50K
40, Private, Some-college, Adm-clerical, United-States, <=50K
36, Self-emp-inc, Bachelors, Exec-managerial, United-States, >50K
43, Private, Some-college, Craft-repair, United-States, <=50K
44, Self-emp-not-inc, Some-college, Farming-fishing, United-States, <=50K
44, State-gov, HS-grad, Prof-specialty, United-States, >50K
43, Private, Masters, Exec-managerial, United-States, >50K
51, Private, 7th-8th, Other-service, United-States, <=50K
18, Private, HS-grad, Other-service, United-States, <=50K
51, Private, Some-college, Exec-managerial, United-States, <=50K
41, Private, 10th, Craft-repair, ?, <=50K
44, Self-emp-inc, Some-college, Sales, United-States, >50K
33, Local-gov, 10th, Transport-moving, United-States, <=50K
33, Self-emp-not-inc, Bachelors, Exec-managerial, United-States, >50K
42, Private, Assoc-acdm, Exec-managerial, United-States, >50K
25, Private, Some-college, Prof-specialty, United-States, <=50K
32, Private, HS-grad, Machine-op-inspct, United-States, <=50K
32, Private, Bachelors, Craft-repair, Mexico, <=50K
36, Private, 10th, Exec-managerial, United-States, <=50K
28, Private, HS-grad, Transport-moving, United-States, <=50K
20, Private, HS-grad, Other-service, United-States, <=50K
35, Self-emp-inc, Some-college, Sales, United-States, >50K
55, Self-emp-not-inc, HS-grad, Craft-repair, United-States, <=50K
48, Private, Bachelors, Exec-managerial, India, >50K
36, ?, Assoc-voc, ?, United-States, <=50K
34, Private, HS-grad, Craft-repair, United-States, >50K
28, Private, Bachelors, Tech-support, United-States, <=50K
67, Private, Bachelors, Exec-managerial, United-States, >50K
37, Private, HS-grad, Craft-repair, United-States, <=50K
44, Private, HS-grad, Transport-moving, United-States, <=50K
25, Private, Some-college, Sales, United-States, <=50K
21, Private, Some-college, Exec-managerial, United-States, <=50K
40, State-gov, Masters, Prof-specialty, United-States, >50K
78, Private, HS-grad, Other-service, United-States, <=50K
34, Private, HS-grad, Handlers-cleaners, United-States, <=50K
49, Private, HS-grad, Adm-clerical, United-States, <=50K
22, Private, Assoc-acdm, Adm-clerical, United-States, <=50K
23, ?, HS-grad, ?, United-States, <=50K
60, Self-emp-not-inc, HS-grad, Farming-fishing, United-States, <=50K
45, Local-gov, HS-grad, Protective-serv, United-States, >50K
63, Private, Assoc-voc, Other-service, United-States, <=50K
41, Private, HS-grad, Craft-repair, United-States, <=50K
47, Private, HS-grad, Adm-clerical, United-States, <=50K
44, Private, HS-grad, Craft-repair, United-States, <=50K
51, Private, Some-college, Prof-specialty, United-States, <=50K
46, Private, Bachelors, Sales, United-States, <=50K
41, Private, Assoc-voc, Machine-op-inspct, United-States, <=50K
50, Self-emp-not-inc, HS-grad, Craft-repair, United-States, <=50K
47, Private, HS-grad, Adm-clerical, United-States, >50K
35, Private, HS-grad, Exec-managerial, United-States, <=50K
56, Private, HS-grad, Exec-managerial, United-States, >50K
45, Private, Masters, Prof-specialty, United-States, <=50K
48, Federal-gov, Bachelors, Exec-managerial, United-States, >50K
40, Private, Some-college, Machine-op-inspct, United-States, <=50K
39, Self-emp-inc, Bachelors, Exec-managerial, United-States, >50K